{
    "original_fp32": {
        "epoch": "ORIGINAL",
        "multiclass": {
            "accuracy": 0.8074112065649443,
            "balanced_accuracy": 0.796587640230139,
            "per_class_precision": [
                0.9707885304659498,
                0.27226137091607944,
                0.8997867803837953,
                0.1746031746031746
            ],
            "per_class_recall": [
                0.8086281534557397,
                0.7352941176470589,
                0.8997867803837953,
                0.6226415094339622
            ],
            "per_class_f1": [
                0.8823194071178435,
                0.39738195418419825,
                0.8997867803837953,
                0.2727272727272727
            ],
            "macro_precision": 0.5793599640922498,
            "macro_recall": 0.766587640230139,
            "macro_f1": 0.6130538536032775,
            "weighted_precision": 0.9093388134677343,
            "weighted_recall": 0.8074112065649443,
            "weighted_f1": 0.8432874757347666,
            "confusion_matrix": [
                [
                    5530,
                    1000,
                    40,
                    129
                ],
                [
                    120,
                    440,
                    3,
                    15
                ],
                [
                    15,
                    15,
                    439,
                    10
                ],
                [
                    11,
                    6,
                    2,
                    34
                ]
            ],
            "roc_auc_ovr": 0.9197979842890905,
            "per_class_roc_auc": [
                0.9125528233521963,
                0.8540134766485104,
                0.9808945915520817,
                0.9317310456035738
            ],
            "per_class_support": [
                6699.0,
                578.0,
                469.0,
                53.0
            ]
        },
        "binary": {
            "accuracy": 0.8147198358763944,
            "balanced_accuracy": 0.8302231676369607,
            "precision": 0.42226228030644436,
            "recall": 0.8518181818181818,
            "f1_score": 0.5646278999698704,
            "confusion_matrix": [
                [
                    5417,
                    1282
                ],
                [
                    163,
                    937
                ]
            ],
            "specificity": 0.8086281534557397,
            "true_positives": 937,
            "true_negatives": 5417,
            "false_positives": 1282,
            "false_negatives": 163,
            "roc_auc": 0.9125528233521963,
            "target_distribution": {
                "useful_samples": 6699,
                "not_useful_samples": 1100
            },
            "prediction_distribution": {
                "predicted_useful": 5580,
                "predicted_not_useful": 2219
            }
        },
        "speed_cpu": {
            "device": "cpu",
            "avg_ms": 11.341,
            "fps": 88.2
        },
        "speed_gpu": {
            "device": "cuda",
            "avg_ms": 3.506,
            "fps": 285.2
        }
    },
    "qat_fp32": {
        "epoch": "QAT",
        "multiclass": {
            "accuracy": 0.7976663674830107,
            "balanced_accuracy": 0.7790205904891061,
            "per_class_precision": [
                0.9712988192552225,
                0.2837370242214533,
                0.8489065606361829,
                0.1069364161849711
            ],
            "per_class_recall": [
                0.7981788326615913,
                0.7093425605536332,
                0.9104477611940298,
                0.6981132075471698
            ],
            "per_class_f1": [
                0.8762700753851196,
                0.40533860603064753,
                0.8786008230452675,
                0.18546365914786966
            ],
            "macro_precision": 0.5527197050744574,
            "macro_recall": 0.7790205904891061,
            "macro_f1": 0.5864182909022261,
            "weighted_precision": 0.9071080391315437,
            "weighted_recall": 0.7976663674830107,
            "weighted_f1": 0.8368139901569045,
            "confusion_matrix": [
                [
                    5440,
                    950,
                    60,
                    249
                ],
                [
                    130,
                    425,
                    4,
                    19
                ],
                [
                    12,
                    13,
                    435,
                    9
                ],
                [
                    6,
                    6,
                    4,
                    37
                ]
            ],
            "roc_auc_ovr": 0.91751604369314,
            "per_class_roc_auc": [
                0.9073207670072875,
                0.8462024928253762,
                0.9805885792243227,
                0.9359523357155732
            ],
            "per_class_support": [
                6699.0,
                578.0,
                469.0,
                53.0
            ]
        },
        "binary": {
            "accuracy": 0.8063854340300038,
            "balanced_accuracy": 0.8272712345126139,
            "precision": 0.4106364428945074,
            "recall": 0.8563636363636363,
            "f1_score": 0.5550972304065999,
            "confusion_matrix": [
                [
                    5347,
                    1352
                ],
                [
                    158,
                    942
                ]
            ],
            "specificity": 0.7981788326615913,
            "true_positives": 942,
            "true_negatives": 5347,
            "false_positives": 1352,
            "false_negatives": 158,
            "roc_auc": 0.9073207670072875,
            "target_distribution": {
                "useful_samples": 6699,
                "not_useful_samples": 1100
            },
            "prediction_distribution": {
                "predicted_useful": 5505,
                "predicted_not_useful": 2294
            }
        },
        "speed_cpu": {
            "device": "cpu",
            "avg_ms": 11.56,
            "fps": 86.5
        },
        "speed_gpu": {
            "device": "cuda",
            "avg_ms": 4.033,
            "fps": 247.9
        }
    },
    "quantized_int8": {
        "epoch": "QUANTIZED",
        "multiclass": {
            "accuracy": 0.8192075907167585,
            "balanced_accuracy": 0.7514899445893303,
            "per_class_precision": [
                0.9684708355228586,
                0.3062015503875969,
                0.8548707753479126,
                0.11784511784511785
            ],
            "per_class_recall": [
                0.825347066726377,
                0.6833910034602076,
                0.9168443496801706,
                0.660377358490566
            ],
            "per_class_f1": [
                0.8911992263056093,
                0.4229122055674518,
                0.8847736625514403,
                0.2
            ],
            "macro_precision": 0.5618470697758714,
            "macro_recall": 0.7714899445893303,
            "macro_f1": 0.5997212736061254,
            "weighted_precision": 0.9067766134344946,
            "weighted_recall": 0.8192075907167585,
            "weighted_f1": 0.8514098883928567,