{
    "architecture": "mobilenetv3_small",
    "original_model_path": "/home/vet-ai/ai_projects/skin-lesion-project/venkatraj-venkatesh/skin_lesion_research/Classification/results/model/mobilenetv3_small.pth",
    "pruned_model_path": "/home/vet-ai/ai_projects/skin-lesion-project/venkatraj-venkatesh/skin_lesion_research/Classification/results/model/mobilenetv3_small_pruned_structured_50.pth",
    "pruning_method": "structured",
    "pruning_ratio": 0.5,
    "fine_tune_epochs": 6,
    "original_size_mb": 4.805972099304199,
    "pruned_size_mb": 4.243802070617676,
    "size_reduction_percent": 11.697321937593303,
    "original_sparsity": 0.0,
    "final_sparsity": 0.4991529966053692,
    "total_parameters": 1208968,
    "zero_parameters": 603460,
    "original_metrics": {
        "epoch": "PRUNED_MODEL",
        "multiclass": {
            "accuracy": 0.8374150532119502,
            "balanced_accuracy": 0.7587969987146319,
            "per_class_precision": [
                0.9614737550471063,
                0.3245454545454545,
                0.8446215139442231,
                0.1383399209486166
            ],
            "per_class_recall": [
                0.8531124048365427,
                0.6176470588235294,
                0.9040511727078892,
                0.660377358490566
            ],
            "per_class_f1": [
                0.9040575812702681,
                0.42550655542312277,
                0.8733264675592173,
                0.22875816993464052
            ],
            "macro_precision": 0.5672451611213501,
            "macro_recall": 0.7587969987146319,
            "macro_f1": 0.6079121935468121,
            "weighted_precision": 0.9016488605767349,
            "weighted_recall": 0.8374150532119502,
            "weighted_f1": 0.8621539713111809,
            "confusion_matrix": [
                [
                    5715,
                    726,
                    71,
                    187
                ],
                [
                    197,
                    357,
                    4,
                    20
                ],
                [
                    21,
                    13,
                    424,
                    11
                ],
                [
                    11,
                    4,
                    3,
                    35
                ]
            ],
            "roc_auc_ovr": 0.9195084024283426,
            "per_class_roc_auc": [
                0.904357231065695,
                0.8409340739643936,
                0.9826913958758149,
                0.9500509088074673
            ],
            "per_class_support": [
                6699.0,
                578.0,
                469.0,
                53.0
            ]
        },
        "binary": {
            "accuracy": 0.8444672393896654,
            "balanced_accuracy": 0.8224652933273623,
            "precision": 0.46954177897574123,
            "recall": 0.7918181818181819,
            "f1_score": 0.5895093062605753,
            "confusion_matrix": [
                [
                    5715,
                    984
                ],
                [
                    229,
                    871
                ]
            ],
            "specificity": 0.8531124048365427,
            "true_positives": 871,
            "true_negatives": 5715,
            "false_positives": 984,
            "false_negatives": 229,
            "roc_auc": 0.904357231065695,
            "target_distribution": {
                "useful_samples": 6699,
                "not_useful_samples": 1100
            },
            "prediction_distribution": {
                "predicted_useful": 5944,
                "predicted_not_useful": 1855
            }
        }
    },
    "post_prune_metrics": null,
    "final_metrics": {
        "epoch": "PRUNED_MODEL",
        "multiclass": {
            "accuracy": 0.8653673547890756,
            "balanced_accuracy": 0.63937063451216823,
            "per_class_precision": [
                0.8711583924349882,
                0.0,
                0.6270270270270271,
                0.0
            ],
            "per_class_recall": [
                0.9901477832512315,
                0.0,
                0.24733475479744135,
                0.0
            ],
            "per_class_f1": [
                0.9268497170404527,
                0.0,
                0.3547400611620795,
                0.0
            ],
            "macro_precision": 0.3745463548655038,
            "macro_recall": 0.30937063451216823,
            "macro_f1": 0.32039744455063307,
            "weighted_precision": 0.7859938128731455,
            "weighted_recall": 0.8653673547890756,
            "weighted_f1": 0.8174559998896023,
            "confusion_matrix": [
                [
                    6633,
                    0,
                    66,
                    0
                ],
                [
                    575,
                    0,
                    3,
                    0
                ],
                [
                    353,
                    0,
                    116,
                    0
                ],
                [
                    53,
                    0,
                    0,
                    0
                ]
            ],
            "roc_auc_ovr": 0.722013129927028,
            "per_class_roc_auc": [
                0.7221386502734464,
                0.7782835194734312,
                0.7990831265616954,
                0.5885472233995391
            ],
            "per_class_support": [
                6699.0,
                578.0,
                469.0,
                53.0
            ]
        },
        "binary": {
            "accuracy": 0.8657520194896782,
            "balanced_accuracy": 0.5491648007165248,
            "precision": 0.6432432432432432,
            "recall": 0.10818181818181818,
            "f1_score": 0.18521400778210118,
            "confusion_matrix": [
                [
                    6633,
                    66
                ],
                [
                    981,
                    119
                ]
            ],
            "specificity": 0.9901477832512315,
            "true_positives": 119,
            "true_negatives": 6633,
            "false_positives": 66,
            "false_negatives": 981,
            "roc_auc": 0.7221386502734466,
            "target_distribution": {
                "useful_samples": 6699,
                "not_useful_samples": 1100
            },
            "prediction_distribution": {
                "predicted_useful": 7614,
                "predicted_not_useful": 185
            }
        }
    },
    "training_history": [
        {
            "epoch": 1,
            "train_loss": 0.5141937845352903,
            "train_accuracy": 0.8551844349177934,
            "val_accuracy": 0.862418258751122,
            "epoch_time": 103.05712294578552
        },
        {
            "epoch": 2,
            "train_loss": 0.4804456854261548,
            "train_accuracy": 0.8663494605926414,
            "val_accuracy": 0.8654955763559431,
            "epoch_time": 101.91612911224365
        },
        {
            "epoch": 3,
            "train_loss": 0.47326154228165207,
            "train_accuracy": 0.8667734489094079,
            "val_accuracy": 0.8669060135914861,
            "epoch_time": 102.27993154525757
        },
        {
            "epoch": 4,
            "train_loss": 0.4732080785086356,
            "train_accuracy": 0.8667263390964338,
            "val_accuracy": 0.8675471214258238,
            "epoch_time": 102.23548555374146
        },
        {
            "epoch": 5,
            "train_loss": 0.46988471554794226,
            "train_accuracy": 0.8675978706364535,
            "val_accuracy": 0.8685728939607642,
            "epoch_time": 102.39547538757324
        },
        {
            "epoch": 6,
            "train_loss": 0.4668886604303696,