{
    "architecture": "mobilenetv3_small",
    "original_model_path": "/home/vet-ai/ai_projects/skin-lesion-project/venkatraj-venkatesh/skin_lesion_research/Classification/results/model/mobilenetv3_small.pth",
    "pruned_model_path": "/home/vet-ai/ai_projects/skin-lesion-project/venkatraj-venkatesh/skin_lesion_research/Classification/results/model/mobilenetv3_small_pruned_structured_60.pth",
    "pruning_method": "structured",
    "pruning_ratio": 0.6,
    "fine_tune_epochs": 6,
    "original_size_mb": 4.805972099304199,
    "pruned_size_mb": 4.130764961242676,
    "size_reduction_percent": 14.04933537086657,
    "original_sparsity": 0.0,
    "final_sparsity": 0.5989579542221134,
    "total_parameters": 1208968,
    "zero_parameters": 724121,
    "original_metrics": {
        "epoch": "PRUNED_MODEL",
        "multiclass": {
            "accuracy": 0.8374150532119502,
            "balanced_accuracy": 0.7587969987146319,
            "per_class_precision": [
                0.9614737550471063,
                0.3245454545454545,
                0.8446215139442231,
                0.1383399209486166
            ],
            "per_class_recall": [
                0.8531124048365427,
                0.6176470588235294,
                0.9040511727078892,
                0.660377358490566
            ],
            "per_class_f1": [
                0.9040575812702681,
                0.42550655542312277,
                0.8733264675592173,
                0.22875816993464052
            ],
            "macro_precision": 0.5672451611213501,
            "macro_recall": 0.7587969987146319,
            "macro_f1": 0.6079121935468121,
            "weighted_precision": 0.9016488605767349,
            "weighted_recall": 0.8374150532119502,
            "weighted_f1": 0.8621539713111809,
            "confusion_matrix": [
                [
                    5715,
                    726,
                    71,
                    187
                ],
                [
                    197,
                    357,
                    4,
                    20
                ],
                [
                    21,
                    13,
                    424,
                    11
                ],
                [
                    11,
                    4,
                    3,
                    35
                ]
            ],
            "roc_auc_ovr": 0.9195084024283426,
            "per_class_roc_auc": [
                0.904357231065695,
                0.8409340739643936,
                0.9826913958758149,
                0.9500509088074673
            ],
            "per_class_support": [
                6699.0,
                578.0,
                469.0,
                53.0
            ]
        },
        "binary": {
            "accuracy": 0.8444672393896654,
            "balanced_accuracy": 0.8224652933273623,
            "precision": 0.46954177897574123,
            "recall": 0.7918181818181819,
            "f1_score": 0.5895093062605753,
            "confusion_matrix": [
                [
                    5715,
                    984
                ],
                [
                    229,
                    871
                ]
            ],
            "specificity": 0.8531124048365427,
            "true_positives": 871,
            "true_negatives": 5715,
            "false_positives": 984,
            "false_negatives": 229,
            "roc_auc": 0.904357231065695,
            "target_distribution": {
                "useful_samples": 6699,
                "not_useful_samples": 1100
            },
            "prediction_distribution": {
                "predicted_useful": 5944,
                "predicted_not_useful": 1855
            }
        }
    },
    "post_prune_metrics": null,
    "final_metrics": {
        "epoch": "PRUNED_MODEL",
        "multiclass": {
            "accuracy": 0.8674188998589563,
            "balanced_accuracy": 0.4841043773519327,
            "per_class_precision": [
                0.8680005196829934,
                0.0,
                0.8235294117647058,
                0.0
            ],
            "per_class_recall": [
                0.9973130317957905,
                0.0,
                0.1791044776119403,
                0.0
            ],
            "per_class_f1": [
                0.9281744929146986,
                0.0,
                0.29422066549912435,
                0.0
            ],
            "macro_precision": 0.4228824828619248,
            "macro_recall": 0.2941043773519327,
            "macro_f1": 0.3055987896034557,
            "weighted_precision": 0.7950981889311475,
            "weighted_recall": 0.8674188998589563,
            "weighted_f1": 0.8149545352166502,
            "confusion_matrix": [
                [
                    6681,
                    0,
                    18,
                    0
                ],
                [
                    578,
                    0,
                    0,
                    0
                ],
                [
                    385,
                    0,
                    84,
                    0
                ],
                [
                    53,
                    0,
                    0,
                    0
                ]
            ],
            "roc_auc_ovr": 0.6912984915051437,
            "per_class_roc_auc": [
                0.6684027466786088,
                0.6041671758026018,
                0.787339758040823,
                0.7052842854985409
            ],
            "per_class_support": [
                6699.0,
                578.0,
                469.0,
                53.0
            ]
        },
        "binary": {
            "accuracy": 0.8674188998589563,
            "balanced_accuracy": 0.5368383340797134,
            "precision": 0.8235294117647058,
            "recall": 0.07636363636363637,
            "f1_score": 0.13976705490848584,
            "confusion_matrix": [
                [
                    6681,
                    18
                ],
                [
                    1016,
                    84
                ]
            ],
            "specificity": 0.9973130317957905,
            "true_positives": 84,
            "true_negatives": 6681,
            "false_positives": 18,
            "false_negatives": 1016,
            "roc_auc": 0.6684027466786088,
            "target_distribution": {
                "useful_samples": 6699,
                "not_useful_samples": 1100
            },
            "prediction_distribution": {
                "predicted_useful": 7697,
                "predicted_not_useful": 102
            }
        }
    },
    "training_history": [
        {
            "epoch": 1,
            "train_loss": 0.5389683528926718,
            "train_accuracy": 0.8510387713760776,
            "val_accuracy": 0.8602384921143736,
            "epoch_time": 103.70683073997498
        },
        {
            "epoch": 2,
            "train_loss": 0.49565909614405,
            "train_accuracy": 0.8658076977434399,
            "val_accuracy": 0.8645980253878702,
            "epoch_time": 104.53254055976868
        },
        {
            "epoch": 3,
            "train_loss": 0.48685361133013144,
            "train_accuracy": 0.868068968766194,
            "val_accuracy": 0.8656237979228106,
            "epoch_time": 104.66614747047424
        },
        {
            "epoch": 4,
            "train_loss": 0.4839197942336281,
            "train_accuracy": 0.8682574080180901,
            "val_accuracy": 0.8667777920246186,
            "epoch_time": 104.07022213935852
        },
        {
            "epoch": 5,
            "train_loss": 0.47974479615867854,
            "train_accuracy": 0.8689169453997267,
            "val_accuracy": 0.8662649057571483,
            "epoch_time": 104.1682026386261
        },
        {
            "epoch": 6,
            "train_loss": 0.47995818518551,