{
    "epoch": "BENCHMARK",
    "multiclass": {
        "accuracy": 0.7663803051673291,
        "balanced_accuracy": 0.7407403346567473,
        "per_class_precision": [
            0.9637830737474198,
            0.2228228228228228,
            0.75736568457539,
            0.14473684210526316
        ],
        "per_class_recall": [
            0.7666815942678011,
            0.6418685121107266,
            0.9317697228144989,
            0.6226415094339622
        ],
        "per_class_f1": [
            0.8540073162620552,
            0.330806954971021,
            0.8355640535372849,
            0.23487544483985764
        ],
        "macro_precision": 0.5221771058127239,
        "macro_recall": 0.7407403346567473,
        "macro_f1": 0.5638134424025547,
        "weighted_precision": 0.8908898527148345,
        "weighted_recall": 0.7663803051673291,
        "weighted_f1": 0.8099152931527449,
        "confusion_matrix": [
            [
                5136,
                1267,
                128,
                168
            ],
            [
                176,
                371,
                10,
                21
            ],
            [
                10,
                16,
                437,
                6
            ],
            [
                7,
                11,
                2,
                33
            ]
        ],
        "roc_auc_ovr": 0.8996128827132905,
        "per_class_roc_auc": [
            0.8845695422654671,
            0.8026245298578876,
            0.9785325952579725,
            0.9327248634718346
        ],
        "per_class_support": [
            6699.0,
            578.0,
            469.0,
            53.0
        ]
    },
    "binary": {
        "accuracy": 0.7748429285805872,
        "balanced_accuracy": 0.7956135244066278,
        "precision": 0.3672064777327935,
        "recall": 0.8245454545454546,
        "f1_score": 0.5081232492997199,
        "confusion_matrix": [
            [
                5136,
                1563
            ],
            [
                193,
                907
            ]
        ],
        "specificity": 0.7666815942678011,
        "true_positives": 907,
        "true_negatives": 5136,
        "false_positives": 1563,
        "false_negatives": 193,
        "roc_auc": 0.884569542265467,
        "target_distribution": {
            "useful_samples": 6699,
            "not_useful_samples": 1100
        },
        "prediction_distribution": {
            "predicted_useful": 5329,
            "predicted_not_useful": 2470
        }
    },
    "inference_speed": {
        "cpu": {
            "device": "cpu",
            "total_time_seconds": 29.407170057296753,
            "avg_batch_time_ms": 1176.2803936004639,
            "avg_per_image_time_ms": 18.37948128581047,
            "fps": 54.40849958981329,
            "total_images_processed": 1600,
            "num_batches_tested": 25,
            "batch_times_ms": [
                1164.2544269561768,
                1177.7312755584717,
                1162.2304916381836,
                1160.9740257263184,
                1181.0479164123535,
                1166.003704071045,
                1182.2738647460938,
                1155.1227569580078,
                1191.9121742248535,
                1199.4738578796387,
                1181.3385486602783,
                1170.8159446716309,
                1160.212516784668,
                1180.1741123199463,
                1173.459529876709,
                1166.4917469024658,
                1190.1047229766846,
                1171.9167232513428,
                1205.3799629211426,
                1183.5863590240479,
                1171.381950378418,
                1199.981689453125,
                1162.1038913726807,
                1188.2095336914062,
                1160.8281135559082
            ]
        },
        "gpu": {
            "device": "cuda",
            "total_time_seconds": 1.1954572200775146,
            "avg_batch_time_ms": 43.140058517456055,
            "avg_per_image_time_ms": 0.7471607625484467,
            "fps": 1338.4000473862666,
            "total_images_processed": 1600,
            "num_batches_tested": 25,
            "batch_times_ms": [
                46.19479179382324,
                46.17118835449219,
                43.72096061706543,
                43.135643005371094,
                43.03312301635742,
                42.93680191040039,
                42.929649353027344,
                42.94943809509277,
                42.82355308532715,
                42.687177658081055,
                42.894840240478516,
                42.75846481323242,
                42.76633262634277,
                42.89889335632324,
                42.72055625915527,
                42.703866958618164,
                42.729854583740234,
                42.77992248535156,
                42.772769927978516,
                42.91844367980957,
                42.77658462524414,
                42.7393913269043,
                42.94705390930176,
                42.783260345458984,
                42.72890090942383
            ]
        },
        "gpu_speedup_over_cpu": 24.599098623863732
    },
    "model_info": {
        "model_type": "efficientnet_b2",
        "parameter_info": {
            "total_parameters": 8424454,
            "trainable_parameters": 723460,
            "non_trainable_parameters": 7700994
        },
        "model_size_mb": 32.136741638183594,
        "backbone": "efficientnet_b2",
        "num_classes": 4,
        "feature_dim": 1408
    },
    "architecture": "efficientnet_b2",
    "model_path": "/home/vet-ai/ai_projects/skin-lesion-project/venkatraj-venkatesh/skin_lesion_research/Classification/baseline_models/efficientnet_b2.pth"
}