{
    "epoch": "BENCHMARK",
    "multiclass": {
        "accuracy": 0.8163867162456725,
        "balanced_accuracy": 0.7319831873914455,
        "per_class_precision": [
            0.9640802092414996,
            0.28023598820059,
            0.8206106870229007,
            0.15217391304347827
        ],
        "per_class_recall": [
            0.825347066726377,
            0.657439446366782,
            0.9168443496801706,
            0.5283018867924528
        ],
        "per_class_f1": [
            0.8893356924561686,
            0.3929679420889349,
            0.8660624370594159,
            0.23628691983122363
        ],
        "macro_precision": 0.5542751993771171,
        "macro_recall": 0.7319831873914455,
        "macro_f1": 0.5961632478589358,
        "weighted_precision": 0.8992539238997039,
        "weighted_recall": 0.8163867162456725,
        "weighted_f1": 0.846711342995666,
        "confusion_matrix": [
            [
                5529,
                946,
                88,
                136
            ],
            [
                177,
                380,
                6,
                15
            ],
            [
                16,
                18,
                430,
                5
            ],
            [
                13,
                12,
                0,
                28
            ]
        ],
        "roc_auc_ovr": 0.8997357928108272,
        "per_class_roc_auc": [
            0.8955564602586547,
            0.8344942830623293,
            0.9835541644728996,
            0.8853382634494249
        ],
        "per_class_support": [
            6699.0,
            578.0,
            469.0,
            53.0
        ]
    },
    "binary": {
        "accuracy": 0.8235671239902551,
        "balanced_accuracy": 0.8190371697268248,
        "precision": 0.4331395348837209,
        "recall": 0.8127272727272727,
        "f1_score": 0.5651074589127687,
        "confusion_matrix": [
            [
                5529,
                1170
            ],
            [
                206,
                894
            ]
        ],
        "specificity": 0.825347066726377,
        "true_positives": 894,
        "true_negatives": 5529,
        "false_positives": 1170,
        "false_negatives": 206,
        "roc_auc": 0.8955564602586545,
        "target_distribution": {
            "useful_samples": 6699,
            "not_useful_samples": 1100
        },
        "prediction_distribution": {
            "predicted_useful": 5735,
            "predicted_not_useful": 2064
        }
    },
    "inference_speed": {
        "cpu": {
            "device": "cpu",
            "total_time_seconds": 20.28505253791809,
            "avg_batch_time_ms": 811.3954925537109,
            "avg_per_image_time_ms": 12.678157836198807,
            "fps": 78.875812473701,
            "total_images_processed": 1600,
            "num_batches_tested": 25,
            "batch_times_ms": [
                802.3414611816406,
                820.6138610839844,
                800.4834651947021,
                814.9561882019043,
                828.7174701690674,
                807.0998191833496,
                801.7339706420898,
                807.6033592224121,
                798.9156246185303,
                798.1317043304443,
                800.1759052276611,
                798.7291812896729,
                818.6178207397461,
                808.7565898895264,
                807.5551986694336,
                805.6073188781738,
                803.7683963775635,
                815.9887790679932,
                856.6989898681641,
                811.089277267456,
                816.2429332733154,
                814.211368560791,
                819.2360401153564,
                816.1122798919678,
                811.5003108978271
            ]
        },
        "gpu": {
            "device": "cuda",
            "total_time_seconds": 0.827808141708374,
            "avg_batch_time_ms": 28.41334342956543,
            "avg_per_image_time_ms": 0.5173800885677338,
            "fps": 1932.815007953448,
            "total_images_processed": 1600,
            "num_batches_tested": 25,
            "batch_times_ms": [
                30.043840408325195,
                29.78801727294922,
                29.751300811767578,
                29.67691421508789,
                29.600858688354492,
                29.611825942993164,
                28.992652893066406,
                28.28192710876465,
                28.033018112182617,
                27.96626091003418,
                28.06711196899414,
                27.95720100402832,
                27.974843978881836,
                27.933835983276367,
                27.904987335205078,
                27.9695987701416,
                27.837514877319336,
                27.88376808166504,
                27.8470516204834,
                27.823209762573242,
                27.909040451049805,
                27.820110321044922,
                27.863025665283203,
                27.91428565979004,
                27.881383895874023
            ]
        },
        "gpu_speedup_over_cpu": 24.504533739007666
    },
    "model_info": {
        "model_type": "efficientnet_b0",
        "parameter_info": {
            "total_parameters": 4665472,
            "trainable_parameters": 657924,
            "non_trainable_parameters": 4007548
        },
        "model_size_mb": 17.79736328125,
        "backbone": "efficientnet_b0",
        "num_classes": 4,
        "feature_dim": 1280
    },
    "architecture": "efficientnet_b0",
    "model_path": "/home/vet-ai/ai_projects/skin-lesion-project/venkatraj-venkatesh/skin_lesion_research/Classification/baseline_models/efficientnet_b0.pth"
}