{
    "epoch": "BENCHMARK",
    "multiclass": {
        "accuracy": 0.7934350557763816,
        "balanced_accuracy": 0.7090630875551784,
        "per_class_precision": [
            0.9637837837837838,
            0.2753623188405797,
            0.6075418994413407,
            0.1568627450980392
        ],
        "per_class_recall": [
            0.7984773846842812,
            0.657439446366782,
            0.9275053304904051,
            0.4528301886792453
        ],
        "per_class_f1": [
            0.8733774185647808,
            0.3881511746680286,
            0.7341772151898734,
            0.23300970873786409
        ],
        "macro_precision": 0.5008876867909359,
        "macro_recall": 0.7090630875551784,
        "macro_f1": 0.5571788792901367,
        "weighted_precision": 0.8858568873170417,
        "weighted_recall": 0.7934350557763816,
        "weighted_f1": 0.8246935933338562,
        "confusion_matrix": [
            [
                5349,
                973,
                263,
                114
            ],
            [
                173,
                380,
                13,
                12
            ],
            [
                14,
                17,
                435,
                3
            ],
            [
                14,
                10,
                5,
                24
            ]
        ],
        "roc_auc_ovr": 0.8882873058177148,
        "per_class_roc_auc": [
            0.8816061420293396,
            0.8175329884147016,
            0.9750122899437718,
            0.8789978028830462
        ],
        "per_class_support": [
            6699.0,
            578.0,
            469.0,
            53.0
        ]
    },
    "binary": {
        "accuracy": 0.8011283497884344,
        "balanced_accuracy": 0.8078750559785042,
        "precision": 0.3997332147621165,
        "recall": 0.8172727272727273,
        "f1_score": 0.5368766796058525,
        "confusion_matrix": [
            [
                5349,
                1350
            ],
            [
                201,
                899
            ]
        ],
        "specificity": 0.7984773846842812,
        "true_positives": 899,
        "true_negatives": 5349,
        "false_positives": 1350,
        "false_negatives": 201,
        "roc_auc": 0.8816061420293395,
        "target_distribution": {
            "useful_samples": 6699,
            "not_useful_samples": 1100
        },
        "prediction_distribution": {
            "predicted_useful": 5550,
            "predicted_not_useful": 2249
        }
    },
    "inference_speed": {
        "cpu": {
            "device": "cpu",
            "total_time_seconds": 28.866236925125122,
            "avg_batch_time_ms": 1154.6422386169434,
            "avg_per_image_time_ms": 18.0413980782032,
            "fps": 55.42807689655463,
            "total_images_processed": 1600,
            "num_batches_tested": 25,
            "batch_times_ms": [
                1162.5661849975586,
                1157.397747039795,
                1152.6899337768555,
                1146.1355686187744,
                1146.2957859039307,
                1167.6018238067627,
                1144.8392868041992,
                1157.9618453979492,
                1164.0191078186035,
                1146.8050479888916,
                1147.524356842041,
                1145.9028720855713,
                1147.5698947906494,
                1159.7185134887695,
                1148.6670970916748,
                1155.6503772735596,
                1133.8574886322021,
                1155.0865173339844,
                1174.4344234466553,
                1137.5782489776611,
                1187.7050399780273,
                1160.7153415679932,
                1155.8642387390137,
                1151.7977714538574,
                1157.6714515686035
            ]
        },
        "gpu": {
            "device": "cuda",
            "total_time_seconds": 1.1242289543151855,
            "avg_batch_time_ms": 40.28315544128418,
            "avg_per_image_time_ms": 0.702643096446991,
            "fps": 1423.197644802367,
            "total_images_processed": 1600,
            "num_batches_tested": 25,
            "batch_times_ms": [
                43.33209991455078,
                41.24021530151367,
                40.43912887573242,
                40.22789001464844,
                40.24529457092285,
                40.129899978637695,
                40.029287338256836,
                40.07244110107422,
                39.99042510986328,
                40.11654853820801,
                40.10319709777832,
                40.01498222351074,
                39.97206687927246,
                40.024518966674805,
                40.129899978637695,
                40.083885192871094,
                40.07863998413086,
                39.9928092956543,
                40.082693099975586,
                40.154457092285156,
                40.21263122558594,
                40.06505012512207,
                40.02666473388672,
                40.152788162231445,
                40.1613712310791
            ]
        },
        "gpu_speedup_over_cpu": 25.67647525384075
    },
    "model_info": {
        "model_type": "efficientnet_b1",
        "parameter_info": {
            "total_parameters": 7171108,
            "trainable_parameters": 657924,
            "non_trainable_parameters": 6513184
        },
        "model_size_mb": 27.355606079101562,
        "backbone": "efficientnet_b1",
        "num_classes": 4,
        "feature_dim": 1280
    },
    "architecture": "efficientnet_b1",
    "model_path": "/home/vet-ai/ai_projects/skin-lesion-project/venkatraj-venkatesh/skin_lesion_research/Classification/baseline_models/efficientnet_b1.pth"
}