{
    "epoch": "BENCHMARK",
    "multiclass": {
        "accuracy": 0.8449801256571355,
        "balanced_accuracy": 0.7716454764780848,
        "per_class_precision": [
            0.9681120296946178,
            0.3336206896551724,
            0.8742393509127789,
            0.1552511415525114
        ],
        "per_class_recall": [
            0.8565457530974773,
            0.6695501730103807,
            0.9189765458422174,
            0.6415094339622641
        ],
        "per_class_f1": [
            0.9089181054965944,
            0.44533947065592633,
            0.896049896049896,
            0.25
        ],
        "macro_precision": 0.5828058029537702,
        "macro_recall": 0.7716454764780848,
        "macro_f1": 0.6250768680506041,
        "weighted_precision": 0.9099194527023095,
        "weighted_recall": 0.8449801256571355,
        "weighted_f1": 0.8693096555979244,
        "confusion_matrix": [
            [
                5738,
                754,
                55,
                152
            ],
            [
                163,
                387,
                5,
                23
            ],
            [
                13,
                15,
                431,
                10
            ],
            [
                13,
                4,
                2,
                34
            ]
        ],
        "roc_auc_ovr": 0.9232739181864315,
        "per_class_roc_auc": [
            0.9160462891340633,
            0.8585485001693925,
            0.9803270724917608,
            0.9381738109505089
        ],
        "per_class_support": [
            6699.0,
            578.0,
            469.0,
            53.0
        ]
    },
    "binary": {
        "accuracy": 0.8525451981023208,
        "balanced_accuracy": 0.8423637856396478,
        "precision": 0.48664529914529914,
        "recall": 0.8281818181818181,
        "f1_score": 0.6130551816958277,
        "confusion_matrix": [
            [
                5738,
                961
            ],
            [
                189,
                911
            ]
        ],
        "specificity": 0.8565457530974773,
        "true_positives": 911,
        "true_negatives": 5738,
        "false_positives": 961,
        "false_negatives": 189,
        "roc_auc": 0.9160462891340635,
        "target_distribution": {
            "useful_samples": 6699,
            "not_useful_samples": 1100
        },
        "prediction_distribution": {
            "predicted_useful": 5927,
            "predicted_not_useful": 1872
        }
    },
    "inference_speed": {
        "cpu": {
            "device": "cpu",
            "total_time_seconds": 13.596498250961304,
            "avg_batch_time_ms": 543.8540935516357,
            "avg_per_image_time_ms": 8.497811406850815,
            "fps": 117.67735857185701,
            "total_images_processed": 1600,
            "num_batches_tested": 25,
            "batch_times_ms": [
                531.2225818634033,
                548.8848686218262,
                552.2911548614502,
                548.6514568328857,
                530.1165580749512,
                552.4773597717285,
                545.2103614807129,
                540.0021076202393,
                550.4004955291748,
                550.7824420928955,
                550.0082969665527,
                542.593240737915,
                551.65696144104,
                553.5323619842529,
                546.379566192627,
                543.5953140258789,
                532.7310562133789,
                550.5590438842773,
                551.0509014129639,
                540.4469966888428,
                535.4533195495605,
                550.3542423248291,
                529.942512512207,
                534.6674919128418,
                533.341646194458
            ]
        },
        "gpu": {
            "device": "cuda",
            "total_time_seconds": 0.5545711517333984,
            "avg_batch_time_ms": 17.22670555114746,
            "avg_per_image_time_ms": 0.346606969833374,
            "fps": 2885.1122078726075,
            "total_images_processed": 1600,
            "num_batches_tested": 25,
            "batch_times_ms": [
                18.28479766845703,
                18.282175064086914,
                18.27692985534668,
                18.56255531311035,
                18.408536911010742,
                17.5783634185791,
                17.59791374206543,
                17.592430114746094,
                17.592906951904297,
                17.592191696166992,
                17.226457595825195,
                16.811609268188477,
                16.7388916015625,
                16.71910285949707,
                16.694068908691406,
                16.698598861694336,
                16.690492630004883,
                16.667842864990234,
                16.66402816772461,
                16.675472259521484,
                16.68715476989746,
                16.653776168823242,
                16.655921936035156,
                16.665935516357422,
                16.649484634399414
            ]
        },
        "gpu_speedup_over_cpu": 24.517139430104383
    },
    "model_info": {
        "model_type": "mobilenetv3_large",
        "parameter_info": {
            "total_parameters": 3466036,
            "trainable_parameters": 494084,
            "non_trainable_parameters": 2971952
        },
        "model_size_mb": 13.221878051757812,
        "backbone": "mobilenetv3_large",
        "num_classes": 4,
        "feature_dim": 960
    },
    "architecture": "mobilenetv3_large",
    "model_path": "/home/vet-ai/ai_projects/skin-lesion-project/venkatraj-venkatesh/skin_lesion_research/Classification/baseline_models/mobilenetv3_large.pth"
}