{
    "epoch": "BENCHMARK",
    "multiclass": {
        "accuracy": 0.8348506218745994,
        "balanced_accuracy": 0.7565212635107625,
        "per_class_precision": [
            0.9596774193548387,
            0.33099297893681046,
            0.730185497470489,
            0.14007782101167315
        ],
        "per_class_recall": [
            0.8526645768025078,
            0.5709342560553633,
            0.9232409381663113,
            0.6792452830188679
        ],
        "per_class_f1": [
            0.9030116196348115,
            0.41904761904761906,
            0.815442561205273,
            0.23225806451612904
        ],
        "macro_precision": 0.5402334291934529,
        "macro_recall": 0.7565212635107625,
        "macro_f1": 0.5924399661009582,
        "weighted_precision": 0.8937138218888088,
        "weighted_recall": 0.8348506218745994,
        "weighted_f1": 0.8573197336027379,
        "confusion_matrix": [
            [
                5712,
                655,
                144,
                188
            ],
            [
                211,
                330,
                12,
                25
            ],
            [
                19,
                9,
                433,
                8
            ],
            [
                10,
                3,
                4,
                36
            ]
        ],
        "roc_auc_ovr": 0.9141310728748856,
        "per_class_roc_auc": [
            0.9015220046411269,
            0.8276785701450355,
            0.9819374187336558,
            0.9453862979797242
        ],
        "per_class_support": [
            6699.0,
            578.0,
            469.0,
            53.0
        ]
    },
    "binary": {
        "accuracy": 0.8426721374535197,
        "balanced_accuracy": 0.8172413793103448,
        "precision": 0.4656199242014077,
        "recall": 0.7818181818181819,
        "f1_score": 0.5836443841194435,
        "confusion_matrix": [
            [
                5712,
                987
            ],
            [
                240,
                860
            ]
        ],
        "specificity": 0.8526645768025078,
        "true_positives": 860,
        "true_negatives": 5712,
        "false_positives": 987,
        "false_negatives": 240,
        "roc_auc": 0.9015220046411269,
        "target_distribution": {
            "useful_samples": 6699,
            "not_useful_samples": 1100
        },
        "prediction_distribution": {
            "predicted_useful": 5952,
            "predicted_not_useful": 1847
        }
    },
    "inference_speed": {
        "cpu": {
            "device": "cpu",
            "total_time_seconds": 2.8060381412506104,
            "avg_batch_time_ms": 112.23557472229004,
            "avg_per_image_time_ms": 1.7537738382816315,
            "fps": 570.198949358152,
            "total_images_processed": 1600,
            "num_batches_tested": 25,
            "batch_times_ms": [
                116.28890037536621,
                110.13531684875488,
                110.79907417297363,
                110.22400856018066,
                110.7339859008789,
                109.20095443725586,
                118.02935600280762,
                111.36889457702637,
                119.80438232421875,
                110.66174507141113,
                109.72118377685547,
                109.74311828613281,
                117.32101440429688,
                105.6661605834961,
                116.81127548217773,
                111.2523078918457,
                111.29498481750488,
                110.34369468688965,
                110.84198951721191,
                109.56501960754395,
                118.31903457641602,
                116.28007888793945,
                110.64267158508301,
                110.67342758178711,
                110.16678810119629
            ]
        },
        "gpu": {
            "device": "cuda",
            "total_time_seconds": 0.2816500663757324,
            "avg_batch_time_ms": 6.489801406860352,
            "avg_per_image_time_ms": 0.17603129148483276,
            "fps": 5680.808176574459,
            "total_images_processed": 1600,
            "num_batches_tested": 25,
            "batch_times_ms": [
                6.679058074951172,
                6.684541702270508,
                6.678342819213867,
                6.682872772216797,
                6.671905517578125,
                6.685733795166016,
                6.669521331787109,
                6.468296051025391,
                6.438255310058594,
                6.424188613891602,
                6.426811218261719,
                6.455898284912109,
                6.426572799682617,
                6.431818008422852,
                6.448984146118164,
                6.43610954284668,
                6.392955780029297,
                6.408452987670898,
                6.369829177856445,
                6.384372711181641,
                6.437063217163086,
                6.385087966918945,
                6.38127326965332,
                6.4029693603515625,
                6.374120712280273
            ]
        },
        "gpu_speedup_over_cpu": 9.962852760372666
    },
    "model_info": {
        "model_type": "mobilenetv3_small",
        "parameter_info": {
            "total_parameters": 1224484,
            "trainable_parameters": 297476,
            "non_trainable_parameters": 927008
        },
        "model_size_mb": 4.6710357666015625,
        "backbone": "mobilenetv3_small",
        "num_classes": 4,
        "feature_dim": 576
    },
    "architecture": "mobilenetv3_small",
    "model_path": "/home/vet-ai/ai_projects/skin-lesion-project/venkatraj-venkatesh/skin_lesion_research/Classification/baseline_models/mobilenetv3_small.pth"
}